CMDECOD,CMCAT,CMSCAT
ACARBOSE,MEDICATION OTHER THAN THERAPY,MEDICATION OTHER THAN THERAPY
ACEBUTOLOL HYDROCHLORIDE,MEDICATION OTHER THAN THERAPY,MEDICATION OTHER THAN THERAPY
ACECLOFENAC,MEDICATION OTHER THAN THERAPY,MEDICATION OTHER THAN THERAPY
ACENOCOUMAROL,MEDICATION OTHER THAN THERAPY,MEDICATION OTHER THAN THERAPY
ACETAZOLAMIDE,MEDICATION OTHER THAN THERAPY,MEDICATION OTHER THAN THERAPY
ACETORPHAN,MEDICATION OTHER THAN THERAPY,MEDICATION OTHER THAN THERAPY
ACETYLCARNITINE HYDROCHLORIDE,MEDICATION OTHER THAN THERAPY,MEDICATION OTHER THAN THERAPY
ACETYLCYSTEINE,MEDICATION OTHER THAN THERAPY,MEDICATION OTHER THAN THERAPY
ACETYLSALICYLATE LYSINE,MEDICATION OTHER THAN THERAPY,ANALGESIC
ACETYLSALICYLATE LYSINE,MEDICATION OTHER THAN THERAPY,MEDICATION OTHER THAN THERAPY
ACETYLSALICYLIC ACID,MEDICATION OTHER THAN THERAPY,ANALGESIC
ACETYLSALICYLIC ACID,MEDICATION OTHER THAN THERAPY,MEDICATION OTHER THAN THERAPY
ACICLOVIR,MEDICATION OTHER THAN THERAPY,MEDICATION OTHER THAN THERAPY
ACICLOVIR SODIUM,MEDICATION OTHER THAN THERAPY,MEDICATION OTHER THAN THERAPY
ADEMETIONINE,MEDICATION OTHER THAN THERAPY,ANALGESIC
ADEMETIONINE,MEDICATION OTHER THAN THERAPY,MEDICATION OTHER THAN THERAPY
AKTIFERRIN                         /00631201/,MEDICATION OTHER THAN THERAPY,MEDICATION OTHER THAN THERAPY
ALBUMIN,MEDICATION OTHER THAN THERAPY,MEDICATION OTHER THAN THERAPY
ALENDRONATE SODIUM,MEDICATION OTHER THAN THERAPY,MEDICATION OTHER THAN THERAPY
ALFUZOSIN,MEDICATION OTHER THAN THERAPY,MEDICATION OTHER THAN THERAPY
ALFUZOSIN HYDROCHLORIDE,MEDICATION OTHER THAN THERAPY,MEDICATION OTHER THAN THERAPY
ALGIFEN                            /02342601/,MEDICATION OTHER THAN THERAPY,ANALGESIC
ALISKIREN,MEDICATION OTHER THAN THERAPY,MEDICATION OTHER THAN THERAPY
ALIZAPRIDE,MEDICATION OTHER THAN THERAPY,MEDICATION OTHER THAN THERAPY
ALIZAPRIDE HYDROCHLORIDE,MEDICATION OTHER THAN THERAPY,MEDICATION OTHER THAN THERAPY
ALKONIUM BROMIDE,MEDICATION OTHER THAN THERAPY,MEDICATION OTHER THAN THERAPY
ALLEGRA-D                          /01367401/,MEDICATION OTHER THAN THERAPY,MEDICATION OTHER THAN THERAPY
ALLERGY MEDICATION,MEDICATION OTHER THAN THERAPY,MEDICATION OTHER THAN THERAPY
ALLIUM SATIVUM,MEDICATION OTHER THAN THERAPY,MEDICATION OTHER THAN THERAPY
ALLOPURINOL,MEDICATION OTHER THAN THERAPY,MEDICATION OTHER THAN THERAPY
ALPRAZOLAM,MEDICATION OTHER THAN THERAPY,MEDICATION OTHER THAN THERAPY
ALUPENT-SED,MEDICATION OTHER THAN THERAPY,MEDICATION OTHER THAN THERAPY
AMBROXOL,MEDICATION OTHER THAN THERAPY,MEDICATION OTHER THAN THERAPY
AMBROXOL HYDROCHLORIDE,MEDICATION OTHER THAN THERAPY,MEDICATION OTHER THAN THERAPY
AMIKACIN,MEDICATION OTHER THAN THERAPY,MEDICATION OTHER THAN THERAPY
AMIKACIN SULFATE,MEDICATION OTHER THAN THERAPY,ANALGESIC
AMIKACIN SULFATE,MEDICATION OTHER THAN THERAPY,MEDICATION OTHER THAN THERAPY
AMINOCAPROIC ACID,MEDICATION OTHER THAN THERAPY,MEDICATION OTHER THAN THERAPY
AMINOSTERIL                        /02808501/,MEDICATION OTHER THAN THERAPY,MEDICATION OTHER THAN THERAPY
AMITRIPTYLINE,MEDICATION OTHER THAN THERAPY,MEDICATION OTHER THAN THERAPY
AMITRIPTYLINE HYDROCHLORIDE,MEDICATION OTHER THAN THERAPY,ANALGESIC
AMITRIPTYLINE HYDROCHLORIDE,MEDICATION OTHER THAN THERAPY,MEDICATION OTHER THAN THERAPY
AMLODIPINE,MEDICATION OTHER THAN THERAPY,MEDICATION OTHER THAN THERAPY
AMLODIPINE BESILATE,MEDICATION OTHER THAN THERAPY,MEDICATION OTHER THAN THERAPY
AMOXICILLIN,MEDICATION OTHER THAN THERAPY,MEDICATION OTHER THAN THERAPY
AMOXICILLIN W/CLAVULANATE POTASSIUM,MEDICATION OTHER THAN THERAPY,MEDICATION OTHER THAN THERAPY
AMPHOTERICIN B,MEDICATION OTHER THAN THERAPY,MEDICATION OTHER THAN THERAPY
AMPICILLIN,MEDICATION OTHER THAN THERAPY,MEDICATION OTHER THAN THERAPY
ANCATROPINE                        /00303401/,MEDICATION OTHER THAN THERAPY,ANALGESIC
ANEMIDOX FERRUM,MEDICATION OTHER THAN THERAPY,MEDICATION OTHER THAN THERAPY
ANTACIDS,MEDICATION OTHER THAN THERAPY,MEDICATION OTHER THAN THERAPY
ANTIBIOTICS,MEDICATION OTHER THAN THERAPY,MEDICATION OTHER THAN THERAPY
ANTIEPILEPTICS,MEDICATION OTHER THAN THERAPY,MEDICATION OTHER THAN THERAPY
ANTINEOPLASTIC AGENTS,ANTI-TUMOR THERAPY,CHEMOTHERAPY
ANTIVIRALS FOR SYSTEMIC USE,MEDICATION OTHER THAN THERAPY,MEDICATION OTHER THAN THERAPY
APOREX,MEDICATION OTHER THAN THERAPY,ANALGESIC
APREPITANT,MEDICATION OTHER THAN THERAPY,MEDICATION OTHER THAN THERAPY
ARGININE-SORBITOL,MEDICATION OTHER THAN THERAPY,MEDICATION OTHER THAN THERAPY
ARIPIPRAZOLE,MEDICATION OTHER THAN THERAPY,MEDICATION OTHER THAN THERAPY
ARTICAINE HYDROCHLORIDE,MEDICATION OTHER THAN THERAPY,MEDICATION OTHER THAN THERAPY
ASCORBIC ACID,MEDICATION OTHER THAN THERAPY,MEDICATION OTHER THAN THERAPY
ASCORUTIN,MEDICATION OTHER THAN THERAPY,MEDICATION OTHER THAN THERAPY
ASPARCAM                           /02144401/,MEDICATION OTHER THAN THERAPY,MEDICATION OTHER THAN THERAPY
ASPARTOFORT,MEDICATION OTHER THAN THERAPY,MEDICATION OTHER THAN THERAPY
ATENOLOL,MEDICATION OTHER THAN THERAPY,MEDICATION OTHER THAN THERAPY
ATORVASTATIN,MEDICATION OTHER THAN THERAPY,MEDICATION OTHER THAN THERAPY
ATORVASTATIN CALCIUM,MEDICATION OTHER THAN THERAPY,MEDICATION OTHER THAN THERAPY
ATRACURIUM BESILATE,MEDICATION OTHER THAN THERAPY,MEDICATION OTHER THAN THERAPY
ATROPINE,MEDICATION OTHER THAN THERAPY,MEDICATION OTHER THAN THERAPY
ATROPINE SULFATE,MEDICATION OTHER THAN THERAPY,MEDICATION OTHER THAN THERAPY
AUGMENTIN                          /00756801/,MEDICATION OTHER THAN THERAPY,MEDICATION OTHER THAN THERAPY
AZITHROMYCIN,MEDICATION OTHER THAN THERAPY,MEDICATION OTHER THAN THERAPY
BACLOFEN,MEDICATION OTHER THAN THERAPY,MEDICATION OTHER THAN THERAPY
BACTRIM,MEDICATION OTHER THAN THERAPY,MEDICATION OTHER THAN THERAPY
BARALGINA,MEDICATION OTHER THAN THERAPY,ANALGESIC
BARALGINA,MEDICATION OTHER THAN THERAPY,MEDICATION OTHER THAN THERAPY
BARIUM SULFATE,MEDICATION OTHER THAN THERAPY,MEDICATION OTHER THAN THERAPY
BECLOMETASONE DIPROPIONATE,MEDICATION OTHER THAN THERAPY,MEDICATION OTHER THAN THERAPY
BECOSULES                          /01353601/,MEDICATION OTHER THAN THERAPY,MEDICATION OTHER THAN THERAPY
BEFACT                             /00527001/,MEDICATION OTHER THAN THERAPY,MEDICATION OTHER THAN THERAPY
BENAZEPRIL,MEDICATION OTHER THAN THERAPY,MEDICATION OTHER THAN THERAPY
BENAZEPRIL HYDROCHLORIDE,MEDICATION OTHER THAN THERAPY,MEDICATION OTHER THAN THERAPY
BENZONATATE,MEDICATION OTHER THAN THERAPY,MEDICATION OTHER THAN THERAPY
BENZYLPENICILLIN,MEDICATION OTHER THAN THERAPY,MEDICATION OTHER THAN THERAPY
BETAMETHASONE,MEDICATION OTHER THAN THERAPY,MEDICATION OTHER THAN THERAPY
BETAMETHASONE DIPROPIONATE,MEDICATION OTHER THAN THERAPY,MEDICATION OTHER THAN THERAPY
BETAXOLOL HYDROCHLORIDE,MEDICATION OTHER THAN THERAPY,MEDICATION OTHER THAN THERAPY
BISACODYL,MEDICATION OTHER THAN THERAPY,MEDICATION OTHER THAN THERAPY
BISELECT                           /01166101/,MEDICATION OTHER THAN THERAPY,MEDICATION OTHER THAN THERAPY
BISOPROLOL,MEDICATION OTHER THAN THERAPY,MEDICATION OTHER THAN THERAPY
BISOPROLOL FUMARATE,MEDICATION OTHER THAN THERAPY,MEDICATION OTHER THAN THERAPY
BISULEPIN HYDROCHLORIDE,MEDICATION OTHER THAN THERAPY,MEDICATION OTHER THAN THERAPY
BLOOD AND RELATED PRODUCTS,MEDICATION OTHER THAN THERAPY,MEDICATION OTHER THAN THERAPY
"BLOOD CELLS, PACKED HUMAN",MEDICATION OTHER THAN THERAPY,MEDICATION OTHER THAN THERAPY
"BLOOD TRANSFUSION, AUXILIARY PRODUCTS",MEDICATION OTHER THAN THERAPY,MEDICATION OTHER THAN THERAPY
BLOPRESS PLUS,MEDICATION OTHER THAN THERAPY,MEDICATION OTHER THAN THERAPY
BREVA,MEDICATION OTHER THAN THERAPY,MEDICATION OTHER THAN THERAPY
BROMAZEPAM,MEDICATION OTHER THAN THERAPY,MEDICATION OTHER THAN THERAPY
BROMHEXINE HYDROCHLORIDE,MEDICATION OTHER THAN THERAPY,MEDICATION OTHER THAN THERAPY
BROTIZOLAM,MEDICATION OTHER THAN THERAPY,MEDICATION OTHER THAN THERAPY
BUDESONIDE,MEDICATION OTHER THAN THERAPY,MEDICATION OTHER THAN THERAPY
BUDESONIDE W/FORMOTEROL FUMARATE,MEDICATION OTHER THAN THERAPY,MEDICATION OTHER THAN THERAPY
BUMETANIDE,MEDICATION OTHER THAN THERAPY,MEDICATION OTHER THAN THERAPY
BUPRENORPHINE,MEDICATION OTHER THAN THERAPY,ANALGESIC
BUPROPION,MEDICATION OTHER THAN THERAPY,MEDICATION OTHER THAN THERAPY
BUPROPION HYDROCHLORIDE,MEDICATION OTHER THAN THERAPY,MEDICATION OTHER THAN THERAPY
BUSCOPAN COMP.,MEDICATION OTHER THAN THERAPY,ANALGESIC
CALAMINE                           /01864001/,MEDICATION OTHER THAN THERAPY,MEDICATION OTHER THAN THERAPY
CALCIUM,MEDICATION OTHER THAN THERAPY,MEDICATION OTHER THAN THERAPY
CALCIUM ACETATE,MEDICATION OTHER THAN THERAPY,MEDICATION OTHER THAN THERAPY
CALCIUM CARBONATE,MEDICATION OTHER THAN THERAPY,MEDICATION OTHER THAN THERAPY
CALCIUM D3                         /01483701/,MEDICATION OTHER THAN THERAPY,MEDICATION OTHER THAN THERAPY
CALCIUM FOLINATE,ANTI-TUMOR THERAPY,CHEMOTHERAPY
CALCIUM FOLINATE,ANTI-TUMOR THERAPY,OTHER
CALCIUM GLUCONATE,MEDICATION OTHER THAN THERAPY,MEDICATION OTHER THAN THERAPY
CALCIUM LEVOFOLINATE,ANTI-TUMOR THERAPY,OTHER
CALCIUM LEVOFOLINATE,MEDICATION OTHER THAN THERAPY,MEDICATION OTHER THAN THERAPY
CANDESARTAN,MEDICATION OTHER THAN THERAPY,MEDICATION OTHER THAN THERAPY
CAPECITABINE,ANTI-TUMOR THERAPY,CHEMOTHERAPY
CAPIVEN,MEDICATION OTHER THAN THERAPY,MEDICATION OTHER THAN THERAPY
CAPTOPRIL,MEDICATION OTHER THAN THERAPY,MEDICATION OTHER THAN THERAPY
CARBAMAZEPINE,MEDICATION OTHER THAN THERAPY,ANALGESIC
CARISOPRODOL,MEDICATION OTHER THAN THERAPY,MEDICATION OTHER THAN THERAPY
CARTEOLOL,MEDICATION OTHER THAN THERAPY,MEDICATION OTHER THAN THERAPY
CARVEDILOL,MEDICATION OTHER THAN THERAPY,MEDICATION OTHER THAN THERAPY
CEFALEXIN,MEDICATION OTHER THAN THERAPY,MEDICATION OTHER THAN THERAPY
CEFAZOLIN,MEDICATION OTHER THAN THERAPY,MEDICATION OTHER THAN THERAPY
CEFAZOLIN SODIUM,MEDICATION OTHER THAN THERAPY,MEDICATION OTHER THAN THERAPY
CEFDINIR,MEDICATION OTHER THAN THERAPY,MEDICATION OTHER THAN THERAPY
CEFOTAXIME,MEDICATION OTHER THAN THERAPY,MEDICATION OTHER THAN THERAPY
CEFOTAXIME SODIUM,MEDICATION OTHER THAN THERAPY,ANALGESIC
CEFOXITIN SODIUM,MEDICATION OTHER THAN THERAPY,MEDICATION OTHER THAN THERAPY
CEFTAZIDIME,MEDICATION OTHER THAN THERAPY,MEDICATION OTHER THAN THERAPY
CEFTRIAXONE,MEDICATION OTHER THAN THERAPY,MEDICATION OTHER THAN THERAPY
CEFTRIAXONE SODIUM,MEDICATION OTHER THAN THERAPY,MEDICATION OTHER THAN THERAPY
CEFUROXIME AXETIL,MEDICATION OTHER THAN THERAPY,MEDICATION OTHER THAN THERAPY
CELECOXIB,MEDICATION OTHER THAN THERAPY,ANALGESIC
CELECOXIB,MEDICATION OTHER THAN THERAPY,MEDICATION OTHER THAN THERAPY
CERNEVIT                           /01027001/,MEDICATION OTHER THAN THERAPY,MEDICATION OTHER THAN THERAPY
CETIRIZINE HYDROCHLORIDE,MEDICATION OTHER THAN THERAPY,MEDICATION OTHER THAN THERAPY
CHLORDIAZEPOXIDE HYDROCHLORIDE,MEDICATION OTHER THAN THERAPY,MEDICATION OTHER THAN THERAPY
CHLOROPYRAMINE,MEDICATION OTHER THAN THERAPY,MEDICATION OTHER THAN THERAPY
CHLOROPYRAMINE HYDROCHLORIDE,MEDICATION OTHER THAN THERAPY,MEDICATION OTHER THAN THERAPY
CHLORPHENAMINE,MEDICATION OTHER THAN THERAPY,MEDICATION OTHER THAN THERAPY
CHLORPHENAMINE MALEATE,MEDICATION OTHER THAN THERAPY,MEDICATION OTHER THAN THERAPY
CHLORPROMAZINE,MEDICATION OTHER THAN THERAPY,MEDICATION OTHER THAN THERAPY
CHLORPROMAZINE HYDROCHLORIDE,MEDICATION OTHER THAN THERAPY,MEDICATION OTHER THAN THERAPY
CHLORTALIDONE,MEDICATION OTHER THAN THERAPY,MEDICATION OTHER THAN THERAPY
CHONDROITIN,MEDICATION OTHER THAN THERAPY,MEDICATION OTHER THAN THERAPY
CHONDROITIN SULFATE SODIUM,MEDICATION OTHER THAN THERAPY,MEDICATION OTHER THAN THERAPY
CIBADREX,MEDICATION OTHER THAN THERAPY,MEDICATION OTHER THAN THERAPY
CINNARIZINE,MEDICATION OTHER THAN THERAPY,MEDICATION OTHER THAN THERAPY
CIPROFLOXACIN,MEDICATION OTHER THAN THERAPY,MEDICATION OTHER THAN THERAPY
CIPROFLOXACIN LACTATE,MEDICATION OTHER THAN THERAPY,MEDICATION OTHER THAN THERAPY
CISATRACURIUM BESILATE,MEDICATION OTHER THAN THERAPY,MEDICATION OTHER THAN THERAPY
CISPLATIN,ANTI-TUMOR THERAPY,CHEMOTHERAPY
CITALOPRAM,MEDICATION OTHER THAN THERAPY,MEDICATION OTHER THAN THERAPY
CITALOPRAM HYDROBROMIDE,MEDICATION OTHER THAN THERAPY,MEDICATION OTHER THAN THERAPY
CLEMASTINE FUMARATE,MEDICATION OTHER THAN THERAPY,MEDICATION OTHER THAN THERAPY
CLINDAMYCIN,MEDICATION OTHER THAN THERAPY,MEDICATION OTHER THAN THERAPY
CLINOMEL,MEDICATION OTHER THAN THERAPY,MEDICATION OTHER THAN THERAPY
CLOBETASOL PROPIONATE,MEDICATION OTHER THAN THERAPY,MEDICATION OTHER THAN THERAPY
CLOFIBRATE,MEDICATION OTHER THAN THERAPY,MEDICATION OTHER THAN THERAPY
CLONAZEPAM,MEDICATION OTHER THAN THERAPY,MEDICATION OTHER THAN THERAPY
CLONIDINE,MEDICATION OTHER THAN THERAPY,MEDICATION OTHER THAN THERAPY
CLONIDINE HYDROCHLORIDE,MEDICATION OTHER THAN THERAPY,MEDICATION OTHER THAN THERAPY
CLOPIDOGREL,MEDICATION OTHER THAN THERAPY,MEDICATION OTHER THAN THERAPY
CLORAZEPATE DIPOTASSIUM,MEDICATION OTHER THAN THERAPY,MEDICATION OTHER THAN THERAPY
CO-TYLENOL                         /00446801/,MEDICATION OTHER THAN THERAPY,MEDICATION OTHER THAN THERAPY
COD-LIVER OIL,MEDICATION OTHER THAN THERAPY,MEDICATION OTHER THAN THERAPY
CODEINE,MEDICATION OTHER THAN THERAPY,ANALGESIC
CODEINE,MEDICATION OTHER THAN THERAPY,MEDICATION OTHER THAN THERAPY
CODEINE PHOSPHATE,MEDICATION OTHER THAN THERAPY,ANALGESIC
COLECALCIFEROL,MEDICATION OTHER THAN THERAPY,MEDICATION OTHER THAN THERAPY
COLONY STIMULATING FACTORS,MEDICATION OTHER THAN THERAPY,MEDICATION OTHER THAN THERAPY
COMBICIN,MEDICATION OTHER THAN THERAPY,MEDICATION OTHER THAN THERAPY
COMBIVENT,MEDICATION OTHER THAN THERAPY,MEDICATION OTHER THAN THERAPY
CORDALIN                           /00343201/,MEDICATION OTHER THAN THERAPY,MEDICATION OTHER THAN THERAPY
CORVALOL,MEDICATION OTHER THAN THERAPY,MEDICATION OTHER THAN THERAPY
COSOPT,MEDICATION OTHER THAN THERAPY,MEDICATION OTHER THAN THERAPY
CRONOFERRIL,MEDICATION OTHER THAN THERAPY,MEDICATION OTHER THAN THERAPY
CYPROHEPTADINE,MEDICATION OTHER THAN THERAPY,MEDICATION OTHER THAN THERAPY
CYPROHEPTADINE HYDROCHLORIDE,MEDICATION OTHER THAN THERAPY,MEDICATION OTHER THAN THERAPY
CYPROHEPTADINE PYRIDOXALPHOSPHATE,MEDICATION OTHER THAN THERAPY,MEDICATION OTHER THAN THERAPY
DALTEPARIN SODIUM,MEDICATION OTHER THAN THERAPY,MEDICATION OTHER THAN THERAPY
DARBEPOETIN ALFA,MEDICATION OTHER THAN THERAPY,MEDICATION OTHER THAN THERAPY
DARIFENACIN,MEDICATION OTHER THAN THERAPY,MEDICATION OTHER THAN THERAPY
DEANXIT                            /02529301/,MEDICATION OTHER THAN THERAPY,MEDICATION OTHER THAN THERAPY
DESLORATADINE,MEDICATION OTHER THAN THERAPY,ANALGESIC
DESLORATADINE,MEDICATION OTHER THAN THERAPY,MEDICATION OTHER THAN THERAPY
DEXAMETHASONE,MEDICATION OTHER THAN THERAPY,ANALGESIC
DEXAMETHASONE,MEDICATION OTHER THAN THERAPY,MEDICATION OTHER THAN THERAPY
DEXAMETHASONE SODIUM PHOSPHATE,MEDICATION OTHER THAN THERAPY,MEDICATION OTHER THAN THERAPY
DEXCHLORPHENIRAMINE MALEATE,MEDICATION OTHER THAN THERAPY,MEDICATION OTHER THAN THERAPY
DEXKETOPROFEN TROMETAMOL,MEDICATION OTHER THAN THERAPY,ANALGESIC
DEXPANTHENOL,MEDICATION OTHER THAN THERAPY,MEDICATION OTHER THAN THERAPY
DEXTROMETHORPHAN HYDROBROMIDE,MEDICATION OTHER THAN THERAPY,MEDICATION OTHER THAN THERAPY
DEXTROPROPOXYPHENE,MEDICATION OTHER THAN THERAPY,ANALGESIC
DEXTROPROPOXYPHENE HYDROCHLORIDE,MEDICATION OTHER THAN THERAPY,ANALGESIC
DIAREN,MEDICATION OTHER THAN THERAPY,MEDICATION OTHER THAN THERAPY
DIAZEPAM,MEDICATION OTHER THAN THERAPY,MEDICATION OTHER THAN THERAPY
DICHLOROACETIC ACID,ANTI-TUMOR THERAPY,CHEMOTHERAPY
DICLOFENAC,MEDICATION OTHER THAN THERAPY,ANALGESIC
DICLOFENAC,MEDICATION OTHER THAN THERAPY,MEDICATION OTHER THAN THERAPY
DICLOFENAC POTASSIUM,MEDICATION OTHER THAN THERAPY,ANALGESIC
DICLOFENAC POTASSIUM,MEDICATION OTHER THAN THERAPY,MEDICATION OTHER THAN THERAPY
DICLOFENAC SODIUM,MEDICATION OTHER THAN THERAPY,ANALGESIC
DICLOFENAC SODIUM,MEDICATION OTHER THAN THERAPY,MEDICATION OTHER THAN THERAPY
DICYCLOVERINE HYDROCHLORIDE,MEDICATION OTHER THAN THERAPY,MEDICATION OTHER THAN THERAPY
DIGOXIN,MEDICATION OTHER THAN THERAPY,MEDICATION OTHER THAN THERAPY
DIHYDRALAZINE SULFATE,MEDICATION OTHER THAN THERAPY,MEDICATION OTHER THAN THERAPY
DIHYDROCODEINE,MEDICATION OTHER THAN THERAPY,ANALGESIC
DIHYDROCODEINE BITARTRATE,MEDICATION OTHER THAN THERAPY,ANALGESIC
DILTIAZEM,MEDICATION OTHER THAN THERAPY,MEDICATION OTHER THAN THERAPY
DILTIAZEM HYDROCHLORIDE,MEDICATION OTHER THAN THERAPY,MEDICATION OTHER THAN THERAPY
DIMENHYDRINATE,MEDICATION OTHER THAN THERAPY,MEDICATION OTHER THAN THERAPY
DIMETICONE,MEDICATION OTHER THAN THERAPY,MEDICATION OTHER THAN THERAPY
DIOSMIN,MEDICATION OTHER THAN THERAPY,MEDICATION OTHER THAN THERAPY
DIPHENHYDRAMINE,MEDICATION OTHER THAN THERAPY,MEDICATION OTHER THAN THERAPY
DIPHENHYDRAMINE HYDROCHLORIDE,MEDICATION OTHER THAN THERAPY,MEDICATION OTHER THAN THERAPY
DIPHENOXYLATE HYDROCHLORIDE,MEDICATION OTHER THAN THERAPY,MEDICATION OTHER THAN THERAPY
DIPROPHYLLINE,MEDICATION OTHER THAN THERAPY,MEDICATION OTHER THAN THERAPY
DIPYRIDAMOLE,MEDICATION OTHER THAN THERAPY,MEDICATION OTHER THAN THERAPY
DISTIGMINE BROMIDE,MEDICATION OTHER THAN THERAPY,MEDICATION OTHER THAN THERAPY
DIURETICS,MEDICATION OTHER THAN THERAPY,MEDICATION OTHER THAN THERAPY
DOCETAXEL,ANTI-TUMOR THERAPY,CHEMOTHERAPY
DOCUSATE CALCIUM,MEDICATION OTHER THAN THERAPY,MEDICATION OTHER THAN THERAPY
DOCUSATE SODIUM,MEDICATION OTHER THAN THERAPY,MEDICATION OTHER THAN THERAPY
DOLASETRON MESILATE,MEDICATION OTHER THAN THERAPY,MEDICATION OTHER THAN THERAPY
DOLVIRAN NAPA,MEDICATION OTHER THAN THERAPY,ANALGESIC
DOMPERIDONE,MEDICATION OTHER THAN THERAPY,MEDICATION OTHER THAN THERAPY
DOXAZOSIN,MEDICATION OTHER THAN THERAPY,MEDICATION OTHER THAN THERAPY
DOXAZOSIN MESILATE,MEDICATION OTHER THAN THERAPY,MEDICATION OTHER THAN THERAPY
DOXEPIN,MEDICATION OTHER THAN THERAPY,MEDICATION OTHER THAN THERAPY
DOXYCYCLINE,MEDICATION OTHER THAN THERAPY,MEDICATION OTHER THAN THERAPY
DRONABINOL,MEDICATION OTHER THAN THERAPY,MEDICATION OTHER THAN THERAPY
DROTAVERINE,MEDICATION OTHER THAN THERAPY,ANALGESIC
DROTAVERINE HYDROCHLORIDE,MEDICATION OTHER THAN THERAPY,ANALGESIC
DROTAVERINE HYDROCHLORIDE,MEDICATION OTHER THAN THERAPY,MEDICATION OTHER THAN THERAPY
DULOXETINE HYDROCHLORIDE,MEDICATION OTHER THAN THERAPY,MEDICATION OTHER THAN THERAPY
DUOVENT,MEDICATION OTHER THAN THERAPY,MEDICATION OTHER THAN THERAPY
DUTASTERIDE,MEDICATION OTHER THAN THERAPY,MEDICATION OTHER THAN THERAPY
DYAZIDE,MEDICATION OTHER THAN THERAPY,MEDICATION OTHER THAN THERAPY
DYNAMAG,MEDICATION OTHER THAN THERAPY,MEDICATION OTHER THAN THERAPY
EDUCTYL,MEDICATION OTHER THAN THERAPY,MEDICATION OTHER THAN THERAPY
ELECTROLYTE SOLUTIONS,MEDICATION OTHER THAN THERAPY,MEDICATION OTHER THAN THERAPY
EMLA                               /00675501/,MEDICATION OTHER THAN THERAPY,ANALGESIC
EMLA                               /00675501/,MEDICATION OTHER THAN THERAPY,MEDICATION OTHER THAN THERAPY
ENALAPRIL,MEDICATION OTHER THAN THERAPY,MEDICATION OTHER THAN THERAPY
ENALAPRIL MALEATE,MEDICATION OTHER THAN THERAPY,MEDICATION OTHER THAN THERAPY
ENEMAS,MEDICATION OTHER THAN THERAPY,MEDICATION OTHER THAN THERAPY
ENOXAPARIN,MEDICATION OTHER THAN THERAPY,MEDICATION OTHER THAN THERAPY
ENOXAPARIN SODIUM,MEDICATION OTHER THAN THERAPY,MEDICATION OTHER THAN THERAPY
ENSURE                             /06184901/,MEDICATION OTHER THAN THERAPY,MEDICATION OTHER THAN THERAPY
EPINEPHRINE BITARTRATE,MEDICATION OTHER THAN THERAPY,MEDICATION OTHER THAN THERAPY
EPIRUBICIN,ANTI-TUMOR THERAPY,CHEMOTHERAPY
EPOETIN ALFA,MEDICATION OTHER THAN THERAPY,MEDICATION OTHER THAN THERAPY
EPOETIN BETA,MEDICATION OTHER THAN THERAPY,MEDICATION OTHER THAN THERAPY
ERGOCALCIFEROL,MEDICATION OTHER THAN THERAPY,MEDICATION OTHER THAN THERAPY
ERLOTINIB,ANTI-TUMOR THERAPY,CHEMOTHERAPY
ERLOTINIB,ANTI-TUMOR THERAPY,IMMUNOTHERAPY
ERYTHROMYCIN,MEDICATION OTHER THAN THERAPY,MEDICATION OTHER THAN THERAPY
ERYTHROPOIETIN,MEDICATION OTHER THAN THERAPY,MEDICATION OTHER THAN THERAPY
ESCITALOPRAM,MEDICATION OTHER THAN THERAPY,MEDICATION OTHER THAN THERAPY
ESCITALOPRAM OXALATE,MEDICATION OTHER THAN THERAPY,MEDICATION OTHER THAN THERAPY
ESOMEPRAZOLE,MEDICATION OTHER THAN THERAPY,MEDICATION OTHER THAN THERAPY
ESOMEPRAZOLE MAGNESIUM,MEDICATION OTHER THAN THERAPY,MEDICATION OTHER THAN THERAPY
ESSENTIALE                         /00390501/,MEDICATION OTHER THAN THERAPY,MEDICATION OTHER THAN THERAPY
ESSENTIALE                         /00844501/,MEDICATION OTHER THAN THERAPY,MEDICATION OTHER THAN THERAPY
ESSENTIALE                         /02318601/,MEDICATION OTHER THAN THERAPY,MEDICATION OTHER THAN THERAPY
ESTAZOLAM,MEDICATION OTHER THAN THERAPY,MEDICATION OTHER THAN THERAPY
ESTRADIOL,MEDICATION OTHER THAN THERAPY,MEDICATION OTHER THAN THERAPY
ESTROGENS CONJUGATED,MEDICATION OTHER THAN THERAPY,MEDICATION OTHER THAN THERAPY
ESZOPICLONE,MEDICATION OTHER THAN THERAPY,MEDICATION OTHER THAN THERAPY
ETAMSILATE,MEDICATION OTHER THAN THERAPY,MEDICATION OTHER THAN THERAPY
ETILEFRINE HYDROCHLORIDE,MEDICATION OTHER THAN THERAPY,MEDICATION OTHER THAN THERAPY
ETOMIDATE,MEDICATION OTHER THAN THERAPY,MEDICATION OTHER THAN THERAPY
ETORICOXIB,MEDICATION OTHER THAN THERAPY,ANALGESIC
ETORICOXIB,MEDICATION OTHER THAN THERAPY,MEDICATION OTHER THAN THERAPY
EXTENDRYL,MEDICATION OTHER THAN THERAPY,MEDICATION OTHER THAN THERAPY
FAKTU                              /00559301/,MEDICATION OTHER THAN THERAPY,MEDICATION OTHER THAN THERAPY
FAMOTIDINE,MEDICATION OTHER THAN THERAPY,MEDICATION OTHER THAN THERAPY
FAT EMULSIONS,MEDICATION OTHER THAN THERAPY,MEDICATION OTHER THAN THERAPY
FELODIPINE,MEDICATION OTHER THAN THERAPY,MEDICATION OTHER THAN THERAPY
FEMODENE,MEDICATION OTHER THAN THERAPY,MEDICATION OTHER THAN THERAPY
FENOFIBRATE,MEDICATION OTHER THAN THERAPY,MEDICATION OTHER THAN THERAPY
FENTANYL,MEDICATION OTHER THAN THERAPY,ANALGESIC
FENTANYL,MEDICATION OTHER THAN THERAPY,MEDICATION OTHER THAN THERAPY
FENTANYL CITRATE,MEDICATION OTHER THAN THERAPY,ANALGESIC
FERRIC SODIUM GLUCONATE COMPLEX,MEDICATION OTHER THAN THERAPY,MEDICATION OTHER THAN THERAPY
FERRO-FOLGAMMA                     /01256801/,MEDICATION OTHER THAN THERAPY,MEDICATION OTHER THAN THERAPY
FERROUS SULFATE,MEDICATION OTHER THAN THERAPY,MEDICATION OTHER THAN THERAPY
FERROUS SULFATE EXSICCATED,MEDICATION OTHER THAN THERAPY,MEDICATION OTHER THAN THERAPY
FEXOFENADINE HYDROCHLORIDE,MEDICATION OTHER THAN THERAPY,MEDICATION OTHER THAN THERAPY
FILGRASTIM,MEDICATION OTHER THAN THERAPY,MEDICATION OTHER THAN THERAPY
FINASTERIDE,MEDICATION OTHER THAN THERAPY,MEDICATION OTHER THAN THERAPY
FISH OIL,MEDICATION OTHER THAN THERAPY,MEDICATION OTHER THAN THERAPY
FLEBOBAG RING LACT,MEDICATION OTHER THAN THERAPY,MEDICATION OTHER THAN THERAPY
FLUCONAZOLE,MEDICATION OTHER THAN THERAPY,MEDICATION OTHER THAN THERAPY
FLUNISOLIDE,MEDICATION OTHER THAN THERAPY,MEDICATION OTHER THAN THERAPY
FLUOCINOLONE ACETONIDE,MEDICATION OTHER THAN THERAPY,MEDICATION OTHER THAN THERAPY
FLUOROURACIL,ANTI-TUMOR THERAPY,CHEMOTHERAPY
FLUOROURACIL SODIUM,ANTI-TUMOR THERAPY,CHEMOTHERAPY
FLUOXETINE,MEDICATION OTHER THAN THERAPY,MEDICATION OTHER THAN THERAPY
FLUOXETINE HYDROCHLORIDE,MEDICATION OTHER THAN THERAPY,MEDICATION OTHER THAN THERAPY
FLUPIRTINE MALEATE,MEDICATION OTHER THAN THERAPY,ANALGESIC
FLUTICASONE PROPIONATE,MEDICATION OTHER THAN THERAPY,MEDICATION OTHER THAN THERAPY
FOLIC ACID,MEDICATION OTHER THAN THERAPY,MEDICATION OTHER THAN THERAPY
FOLINIC ACID,ANTI-TUMOR THERAPY,CHEMOTHERAPY
FOLINIC ACID,ANTI-TUMOR THERAPY,OTHER
FONDAPARINUX SODIUM,MEDICATION OTHER THAN THERAPY,MEDICATION OTHER THAN THERAPY
FORMOTEROL,MEDICATION OTHER THAN THERAPY,MEDICATION OTHER THAN THERAPY
FORTRANS                           /02140001/,MEDICATION OTHER THAN THERAPY,MEDICATION OTHER THAN THERAPY
FOSFOMYCIN TROMETAMOL,MEDICATION OTHER THAN THERAPY,MEDICATION OTHER THAN THERAPY
FUROSEMIDE,MEDICATION OTHER THAN THERAPY,MEDICATION OTHER THAN THERAPY
GABAPENTIN,MEDICATION OTHER THAN THERAPY,ANALGESIC
GABAPENTIN,MEDICATION OTHER THAN THERAPY,MEDICATION OTHER THAN THERAPY
GALENIC /BISOPROLOL/HYDROCHLOROTHIAZIDE/,MEDICATION OTHER THAN THERAPY,MEDICATION OTHER THAN THERAPY
GALENIC /POTASSIUM CHLORIDE/GLUCOSE/,MEDICATION OTHER THAN THERAPY,MEDICATION OTHER THAN THERAPY
GAVISCON                           /01279101/,MEDICATION OTHER THAN THERAPY,MEDICATION OTHER THAN THERAPY
GELOPLASMA                         /01694301/,MEDICATION OTHER THAN THERAPY,MEDICATION OTHER THAN THERAPY
GEMCITABINE,ANTI-TUMOR THERAPY,CHEMOTHERAPY
GEMCITABINE HYDROCHLORIDE,ANTI-TUMOR THERAPY,CHEMOTHERAPY
GEMFIBROZIL,MEDICATION OTHER THAN THERAPY,MEDICATION OTHER THAN THERAPY
GENERAL NUTRIENTS,MEDICATION OTHER THAN THERAPY,MEDICATION OTHER THAN THERAPY
GENTAMICIN,MEDICATION OTHER THAN THERAPY,MEDICATION OTHER THAN THERAPY
GERITOL                            /00543501/,MEDICATION OTHER THAN THERAPY,MEDICATION OTHER THAN THERAPY
GINKGO BILOBA,MEDICATION OTHER THAN THERAPY,MEDICATION OTHER THAN THERAPY
GIVALEX,MEDICATION OTHER THAN THERAPY,MEDICATION OTHER THAN THERAPY
GLIBENCLAMIDE,MEDICATION OTHER THAN THERAPY,MEDICATION OTHER THAN THERAPY
GLIBOMET,MEDICATION OTHER THAN THERAPY,MEDICATION OTHER THAN THERAPY
GLICLAZIDE,MEDICATION OTHER THAN THERAPY,MEDICATION OTHER THAN THERAPY
GLIMEPIRIDE,MEDICATION OTHER THAN THERAPY,MEDICATION OTHER THAN THERAPY
GLIPIZIDE,MEDICATION OTHER THAN THERAPY,MEDICATION OTHER THAN THERAPY
GLIQUIDONE,MEDICATION OTHER THAN THERAPY,MEDICATION OTHER THAN THERAPY
GLUCAGON,MEDICATION OTHER THAN THERAPY,MEDICATION OTHER THAN THERAPY
GLUCOSAMINE,MEDICATION OTHER THAN THERAPY,MEDICATION OTHER THAN THERAPY
GLUCOSE,MEDICATION OTHER THAN THERAPY,MEDICATION OTHER THAN THERAPY
GLUCOSE INJECTION,MEDICATION OTHER THAN THERAPY,MEDICATION OTHER THAN THERAPY
GLUTAMIC ACID,MEDICATION OTHER THAN THERAPY,MEDICATION OTHER THAN THERAPY
GLUTATHIONE,MEDICATION OTHER THAN THERAPY,MEDICATION OTHER THAN THERAPY
GLUTATHIONE SODIUM,MEDICATION OTHER THAN THERAPY,MEDICATION OTHER THAN THERAPY
GLYCEROL,MEDICATION OTHER THAN THERAPY,MEDICATION OTHER THAN THERAPY
GLYCERYL TRINITRATE,MEDICATION OTHER THAN THERAPY,MEDICATION OTHER THAN THERAPY
GLYCINE MAX SEED OIL,MEDICATION OTHER THAN THERAPY,MEDICATION OTHER THAN THERAPY
GRANISETRON,MEDICATION OTHER THAN THERAPY,MEDICATION OTHER THAN THERAPY
GRANISETRON HYDROCHLORIDE,MEDICATION OTHER THAN THERAPY,MEDICATION OTHER THAN THERAPY
GUAIFENESIN,MEDICATION OTHER THAN THERAPY,MEDICATION OTHER THAN THERAPY
HALOPERIDOL,MEDICATION OTHER THAN THERAPY,ANALGESIC
HALOPERIDOL,MEDICATION OTHER THAN THERAPY,MEDICATION OTHER THAN THERAPY
HELICIDINE,MEDICATION OTHER THAN THERAPY,MEDICATION OTHER THAN THERAPY
HEPA MERZ                          /02179101/,MEDICATION OTHER THAN THERAPY,MEDICATION OTHER THAN THERAPY
HEPARIN,MEDICATION OTHER THAN THERAPY,MEDICATION OTHER THAN THERAPY
HEPARIN GROUP,MEDICATION OTHER THAN THERAPY,MEDICATION OTHER THAN THERAPY
HEPARIN SODIUM,MEDICATION OTHER THAN THERAPY,MEDICATION OTHER THAN THERAPY
"HEPARIN-FRACTION, SODIUM SALT",MEDICATION OTHER THAN THERAPY,MEDICATION OTHER THAN THERAPY
HERBAL PREPARATION,MEDICATION OTHER THAN THERAPY,MEDICATION OTHER THAN THERAPY
HETASTARCH,MEDICATION OTHER THAN THERAPY,MEDICATION OTHER THAN THERAPY
HUMAN MIXTARD                      /00806401/,MEDICATION OTHER THAN THERAPY,MEDICATION OTHER THAN THERAPY
HYDRALAZINE,MEDICATION OTHER THAN THERAPY,MEDICATION OTHER THAN THERAPY
HYDRAZINE SULFATE,MEDICATION OTHER THAN THERAPY,MEDICATION OTHER THAN THERAPY
HYDROCHLOROTHIAZIDE,MEDICATION OTHER THAN THERAPY,MEDICATION OTHER THAN THERAPY
HYDROCHLOROTHIAZIDE W/LOSARTAN,MEDICATION OTHER THAN THERAPY,MEDICATION OTHER THAN THERAPY
HYDROCODONE,MEDICATION OTHER THAN THERAPY,ANALGESIC
HYDROCODONE BITARTRATE,MEDICATION OTHER THAN THERAPY,MEDICATION OTHER THAN THERAPY
HYDROCORTISONE HYDROGEN SUCCINATE,MEDICATION OTHER THAN THERAPY,MEDICATION OTHER THAN THERAPY
HYDROCORTISONE VALERATE,MEDICATION OTHER THAN THERAPY,MEDICATION OTHER THAN THERAPY
HYDROMORPHONE,MEDICATION OTHER THAN THERAPY,ANALGESIC
HYDROMORPHONE HYDROCHLORIDE,MEDICATION OTHER THAN THERAPY,ANALGESIC
HYDROXYZINE HYDROCHLORIDE,MEDICATION OTHER THAN THERAPY,MEDICATION OTHER THAN THERAPY
HYOSCINE BUTYLBROMIDE,MEDICATION OTHER THAN THERAPY,ANALGESIC
HYOSCINE BUTYLBROMIDE,MEDICATION OTHER THAN THERAPY,MEDICATION OTHER THAN THERAPY
HYOSCYAMINE,MEDICATION OTHER THAN THERAPY,MEDICATION OTHER THAN THERAPY
HYOSCYAMINE SULFATE,MEDICATION OTHER THAN THERAPY,MEDICATION OTHER THAN THERAPY
I.V. SOLUTIONS,MEDICATION OTHER THAN THERAPY,MEDICATION OTHER THAN THERAPY
IBANDRONATE SODIUM,MEDICATION OTHER THAN THERAPY,MEDICATION OTHER THAN THERAPY
IBUPROFEN,MEDICATION OTHER THAN THERAPY,ANALGESIC
IBUPROFEN,MEDICATION OTHER THAN THERAPY,MEDICATION OTHER THAN THERAPY
IMIPENEM,MEDICATION OTHER THAN THERAPY,MEDICATION OTHER THAN THERAPY
IMIPRAMINE HYDROCHLORIDE,MEDICATION OTHER THAN THERAPY,MEDICATION OTHER THAN THERAPY
INDAPAMIDE,MEDICATION OTHER THAN THERAPY,MEDICATION OTHER THAN THERAPY
INDOMETACIN,MEDICATION OTHER THAN THERAPY,ANALGESIC
INDOMETACIN,MEDICATION OTHER THAN THERAPY,MEDICATION OTHER THAN THERAPY
INEGY,MEDICATION OTHER THAN THERAPY,MEDICATION OTHER THAN THERAPY
INFLUENZA VACCINE,MEDICATION OTHER THAN THERAPY,MEDICATION OTHER THAN THERAPY
INFLUENZA VIRUS VACCINE POLYVALENT,MEDICATION OTHER THAN THERAPY,MEDICATION OTHER THAN THERAPY
INOSINE,MEDICATION OTHER THAN THERAPY,MEDICATION OTHER THAN THERAPY
INSULIN,MEDICATION OTHER THAN THERAPY,MEDICATION OTHER THAN THERAPY
INSULIN ASPART,MEDICATION OTHER THAN THERAPY,MEDICATION OTHER THAN THERAPY
INSULIN DETEMIR,MEDICATION OTHER THAN THERAPY,MEDICATION OTHER THAN THERAPY
INSULIN GLARGINE,MEDICATION OTHER THAN THERAPY,MEDICATION OTHER THAN THERAPY
INSULIN HUMAN,MEDICATION OTHER THAN THERAPY,MEDICATION OTHER THAN THERAPY
"INSULIN HUMAN INJECTION, ISOPHANE",MEDICATION OTHER THAN THERAPY,MEDICATION OTHER THAN THERAPY
"INSULIN INJECTION, ISOPHANE",MEDICATION OTHER THAN THERAPY,MEDICATION OTHER THAN THERAPY
INSULIN ISOPHANE HUMAN SEMISYNTHETIC,MEDICATION OTHER THAN THERAPY,MEDICATION OTHER THAN THERAPY
INSULIN LISPRO,MEDICATION OTHER THAN THERAPY,MEDICATION OTHER THAN THERAPY
INSULIN NOVOMIX                    /02607201/,MEDICATION OTHER THAN THERAPY,MEDICATION OTHER THAN THERAPY
IPRATROPIUM,MEDICATION OTHER THAN THERAPY,MEDICATION OTHER THAN THERAPY
IPRATROPIUM BROMIDE,MEDICATION OTHER THAN THERAPY,MEDICATION OTHER THAN THERAPY
IRBESARTAN,MEDICATION OTHER THAN THERAPY,MEDICATION OTHER THAN THERAPY
IRINOTECAN,ANTI-TUMOR THERAPY,CHEMOTHERAPY
IROCOPHAN,MEDICATION OTHER THAN THERAPY,ANALGESIC
IRON,MEDICATION OTHER THAN THERAPY,MEDICATION OTHER THAN THERAPY
IRON IN OTHER COMBINATIONS,MEDICATION OTHER THAN THERAPY,MEDICATION OTHER THAN THERAPY
IRON PREPARATIONS,MEDICATION OTHER THAN THERAPY,MEDICATION OTHER THAN THERAPY
ISOLYTE,MEDICATION OTHER THAN THERAPY,MEDICATION OTHER THAN THERAPY
ISOPHANE INSULIN,MEDICATION OTHER THAN THERAPY,MEDICATION OTHER THAN THERAPY
ISOSORBIDE DINITRATE,MEDICATION OTHER THAN THERAPY,MEDICATION OTHER THAN THERAPY
ISOSORBIDE MONONITRATE,MEDICATION OTHER THAN THERAPY,MEDICATION OTHER THAN THERAPY
ISOTONIC SOLUTIONS,MEDICATION OTHER THAN THERAPY,MEDICATION OTHER THAN THERAPY
ITOPRIDE HYDROCHLORIDE,MEDICATION OTHER THAN THERAPY,MEDICATION OTHER THAN THERAPY
ITRACONAZOLE,MEDICATION OTHER THAN THERAPY,MEDICATION OTHER THAN THERAPY
IVABRADINE HYDROCHLORIDE,MEDICATION OTHER THAN THERAPY,MEDICATION OTHER THAN THERAPY
JANUMET,MEDICATION OTHER THAN THERAPY,MEDICATION OTHER THAN THERAPY
JONOSTERIL                         /00351401/,MEDICATION OTHER THAN THERAPY,MEDICATION OTHER THAN THERAPY
JONOSTERIL                         /01263001/,MEDICATION OTHER THAN THERAPY,MEDICATION OTHER THAN THERAPY
KABIVEN                            /01705101/,MEDICATION OTHER THAN THERAPY,MEDICATION OTHER THAN THERAPY
KETAMINE HYDROCHLORIDE,MEDICATION OTHER THAN THERAPY,ANALGESIC
KETOCONAZOLE,MEDICATION OTHER THAN THERAPY,MEDICATION OTHER THAN THERAPY
KETOPROFEN,MEDICATION OTHER THAN THERAPY,ANALGESIC
KETOPROFEN,MEDICATION OTHER THAN THERAPY,MEDICATION OTHER THAN THERAPY
KETOROLAC,MEDICATION OTHER THAN THERAPY,ANALGESIC
KETOROLAC,MEDICATION OTHER THAN THERAPY,MEDICATION OTHER THAN THERAPY
KETOROLAC TROMETHAMINE,MEDICATION OTHER THAN THERAPY,ANALGESIC
LABETALOL,MEDICATION OTHER THAN THERAPY,MEDICATION OTHER THAN THERAPY
LACTOBACILLUS RHAMNOSUS,MEDICATION OTHER THAN THERAPY,MEDICATION OTHER THAN THERAPY
LACTOSE,MEDICATION OTHER THAN THERAPY,MEDICATION OTHER THAN THERAPY
LACTULOSE,MEDICATION OTHER THAN THERAPY,MEDICATION OTHER THAN THERAPY
LANREOTIDE,MEDICATION OTHER THAN THERAPY,MEDICATION OTHER THAN THERAPY
LANSOPRAZOLE,MEDICATION OTHER THAN THERAPY,MEDICATION OTHER THAN THERAPY
LAROTAXEL,ANTI-TUMOR THERAPY,CHEMOTHERAPY
LAXATIVES,MEDICATION OTHER THAN THERAPY,MEDICATION OTHER THAN THERAPY
LAXBENE                            /01531301/,MEDICATION OTHER THAN THERAPY,MEDICATION OTHER THAN THERAPY
LEKOVIT CA,MEDICATION OTHER THAN THERAPY,MEDICATION OTHER THAN THERAPY
LENOGRASTIM,MEDICATION OTHER THAN THERAPY,MEDICATION OTHER THAN THERAPY
LERCANIDIPINE,MEDICATION OTHER THAN THERAPY,MEDICATION OTHER THAN THERAPY
LERCANIDIPINE HYDROCHLORIDE,MEDICATION OTHER THAN THERAPY,MEDICATION OTHER THAN THERAPY
LEVOCETIRIZINE DIHYDROCHLORIDE,MEDICATION OTHER THAN THERAPY,MEDICATION OTHER THAN THERAPY
LEVOFLOXACIN,MEDICATION OTHER THAN THERAPY,MEDICATION OTHER THAN THERAPY
LEVOMEPROMAZINE HYDROCHLORIDE,MEDICATION OTHER THAN THERAPY,MEDICATION OTHER THAN THERAPY
LEVOSALBUTAMOL,MEDICATION OTHER THAN THERAPY,MEDICATION OTHER THAN THERAPY
LEVOSULPIRIDE,MEDICATION OTHER THAN THERAPY,MEDICATION OTHER THAN THERAPY
LEVOTHYROXINE,MEDICATION OTHER THAN THERAPY,MEDICATION OTHER THAN THERAPY
LEVOTHYROXINE SODIUM,MEDICATION OTHER THAN THERAPY,MEDICATION OTHER THAN THERAPY
LIDOCAINE,MEDICATION OTHER THAN THERAPY,ANALGESIC
LIDOCAINE,MEDICATION OTHER THAN THERAPY,MEDICATION OTHER THAN THERAPY
LIDOCAINE HYDROCHLORIDE,MEDICATION OTHER THAN THERAPY,ANALGESIC
LINEZOLID,MEDICATION OTHER THAN THERAPY,MEDICATION OTHER THAN THERAPY
LIPITAC,MEDICATION OTHER THAN THERAPY,MEDICATION OTHER THAN THERAPY
LISINOPRIL,MEDICATION OTHER THAN THERAPY,MEDICATION OTHER THAN THERAPY
LOPERAMIDE,MEDICATION OTHER THAN THERAPY,MEDICATION OTHER THAN THERAPY
LOPERAMIDE HYDROCHLORIDE,MEDICATION OTHER THAN THERAPY,MEDICATION OTHER THAN THERAPY
LORATADINE,MEDICATION OTHER THAN THERAPY,ANALGESIC
LORATADINE,MEDICATION OTHER THAN THERAPY,MEDICATION OTHER THAN THERAPY
LORAZEPAM,MEDICATION OTHER THAN THERAPY,MEDICATION OTHER THAN THERAPY
LORMETAZEPAM,MEDICATION OTHER THAN THERAPY,MEDICATION OTHER THAN THERAPY
LORNOXICAM,MEDICATION OTHER THAN THERAPY,ANALGESIC
LOSARTAN,MEDICATION OTHER THAN THERAPY,MEDICATION OTHER THAN THERAPY
LOSARTAN POTASSIUM,MEDICATION OTHER THAN THERAPY,MEDICATION OTHER THAN THERAPY
LOVASTATIN,MEDICATION OTHER THAN THERAPY,MEDICATION OTHER THAN THERAPY
LYSINE HYDROCHLORIDE,MEDICATION OTHER THAN THERAPY,MEDICATION OTHER THAN THERAPY
MACROGOL,MEDICATION OTHER THAN THERAPY,MEDICATION OTHER THAN THERAPY
MAG-LAX,MEDICATION OTHER THAN THERAPY,MEDICATION OTHER THAN THERAPY
MAGALDRATE,MEDICATION OTHER THAN THERAPY,MEDICATION OTHER THAN THERAPY
MAGNESIUM,MEDICATION OTHER THAN THERAPY,MEDICATION OTHER THAN THERAPY
MAGNESIUM CHLORIDE ANHYDROUS,MEDICATION OTHER THAN THERAPY,MEDICATION OTHER THAN THERAPY
MAGNESIUM CITRATE,MEDICATION OTHER THAN THERAPY,MEDICATION OTHER THAN THERAPY
MAGNESIUM HYDROXIDE,MEDICATION OTHER THAN THERAPY,MEDICATION OTHER THAN THERAPY
MAGNESIUM OXIDE,MEDICATION OTHER THAN THERAPY,MEDICATION OTHER THAN THERAPY
MAGNESIUM SULFATE,MEDICATION OTHER THAN THERAPY,MEDICATION OTHER THAN THERAPY
MANNITOL,MEDICATION OTHER THAN THERAPY,MEDICATION OTHER THAN THERAPY
MAXITROL                           /00393601/,MEDICATION OTHER THAN THERAPY,MEDICATION OTHER THAN THERAPY
MEBEVERINE,MEDICATION OTHER THAN THERAPY,MEDICATION OTHER THAN THERAPY
MEBEVERINE HYDROCHLORIDE,MEDICATION OTHER THAN THERAPY,MEDICATION OTHER THAN THERAPY
MEDAZEPAM,MEDICATION OTHER THAN THERAPY,MEDICATION OTHER THAN THERAPY
MEGESTROL,MEDICATION OTHER THAN THERAPY,MEDICATION OTHER THAN THERAPY
MEGESTROL ACETATE,MEDICATION OTHER THAN THERAPY,MEDICATION OTHER THAN THERAPY
MELOXICAM,MEDICATION OTHER THAN THERAPY,ANALGESIC
MELOXICAM,MEDICATION OTHER THAN THERAPY,MEDICATION OTHER THAN THERAPY
MENADIONE,MEDICATION OTHER THAN THERAPY,MEDICATION OTHER THAN THERAPY
MENTALGINA                         /06118001/,MEDICATION OTHER THAN THERAPY,MEDICATION OTHER THAN THERAPY
MEROPENEM,MEDICATION OTHER THAN THERAPY,MEDICATION OTHER THAN THERAPY
METAMIZOLE,MEDICATION OTHER THAN THERAPY,ANALGESIC
METAMIZOLE MAGNESIUM,MEDICATION OTHER THAN THERAPY,ANALGESIC
METAMIZOLE SODIUM,MEDICATION OTHER THAN THERAPY,ANALGESIC
METAMIZOLE SODIUM,MEDICATION OTHER THAN THERAPY,MEDICATION OTHER THAN THERAPY
METEOSPASMYL                       /01017401/,MEDICATION OTHER THAN THERAPY,MEDICATION OTHER THAN THERAPY
METFORMIN,MEDICATION OTHER THAN THERAPY,MEDICATION OTHER THAN THERAPY
METFORMIN HYDROCHLORIDE,MEDICATION OTHER THAN THERAPY,MEDICATION OTHER THAN THERAPY
METHADONE,MEDICATION OTHER THAN THERAPY,ANALGESIC
METHADONE,MEDICATION OTHER THAN THERAPY,MEDICATION OTHER THAN THERAPY
METHYLCELLULOSE,MEDICATION OTHER THAN THERAPY,MEDICATION OTHER THAN THERAPY
METHYLPHENIDATE HYDROCHLORIDE,MEDICATION OTHER THAN THERAPY,MEDICATION OTHER THAN THERAPY
METHYLPREDNISOLONE,MEDICATION OTHER THAN THERAPY,MEDICATION OTHER THAN THERAPY
METHYLPREDNISOLONE SODIUM SUCCINATE,MEDICATION OTHER THAN THERAPY,ANALGESIC
METHYLPREDNISOLONE SODIUM SUCCINATE,MEDICATION OTHER THAN THERAPY,MEDICATION OTHER THAN THERAPY
METHYLSULFONYLMETHANE,MEDICATION OTHER THAN THERAPY,MEDICATION OTHER THAN THERAPY
METOCLOPRAMIDE,MEDICATION OTHER THAN THERAPY,ANALGESIC
METOCLOPRAMIDE,MEDICATION OTHER THAN THERAPY,MEDICATION OTHER THAN THERAPY
METOCLOPRAMIDE HYDROCHLORIDE,MEDICATION OTHER THAN THERAPY,ANALGESIC
METOCLOPRAMIDE HYDROCHLORIDE,MEDICATION OTHER THAN THERAPY,MEDICATION OTHER THAN THERAPY
METOPIMAZINE,MEDICATION OTHER THAN THERAPY,MEDICATION OTHER THAN THERAPY
METOPROLOL,MEDICATION OTHER THAN THERAPY,MEDICATION OTHER THAN THERAPY
METOPROLOL SUCCINATE,MEDICATION OTHER THAN THERAPY,MEDICATION OTHER THAN THERAPY
METOPROLOL TARTRATE,MEDICATION OTHER THAN THERAPY,MEDICATION OTHER THAN THERAPY
METRONIDAZOLE,MEDICATION OTHER THAN THERAPY,MEDICATION OTHER THAN THERAPY
MEXIDOL,MEDICATION OTHER THAN THERAPY,MEDICATION OTHER THAN THERAPY
MIANSERIN HYDROCHLORIDE,MEDICATION OTHER THAN THERAPY,ANALGESIC
MICROLAX                           /00285401/,MEDICATION OTHER THAN THERAPY,MEDICATION OTHER THAN THERAPY
MIDAZOLAM,MEDICATION OTHER THAN THERAPY,MEDICATION OTHER THAN THERAPY
MIDAZOLAM HYDROCHLORIDE,MEDICATION OTHER THAN THERAPY,MEDICATION OTHER THAN THERAPY
MINERAL OIL EMULSION,MEDICATION OTHER THAN THERAPY,MEDICATION OTHER THAN THERAPY
MINERALS NOS,MEDICATION OTHER THAN THERAPY,MEDICATION OTHER THAN THERAPY
MIRTAZAPINE,MEDICATION OTHER THAN THERAPY,MEDICATION OTHER THAN THERAPY
MITOMYCIN,ANTI-TUMOR THERAPY,CHEMOTHERAPY
MODILOC,MEDICATION OTHER THAN THERAPY,MEDICATION OTHER THAN THERAPY
MODURETIC,MEDICATION OTHER THAN THERAPY,MEDICATION OTHER THAN THERAPY
MOLSIDOMINE,MEDICATION OTHER THAN THERAPY,MEDICATION OTHER THAN THERAPY
MOMETASONE FUROATE,MEDICATION OTHER THAN THERAPY,MEDICATION OTHER THAN THERAPY
MONTELUKAST SODIUM,MEDICATION OTHER THAN THERAPY,MEDICATION OTHER THAN THERAPY
MOPADAY,MEDICATION OTHER THAN THERAPY,MEDICATION OTHER THAN THERAPY
MORPHINE,MEDICATION OTHER THAN THERAPY,ANALGESIC
MORPHINE,MEDICATION OTHER THAN THERAPY,MEDICATION OTHER THAN THERAPY
MORPHINE HYDROCHLORIDE,MEDICATION OTHER THAN THERAPY,ANALGESIC
MORPHINE HYDROCHLORIDE,MEDICATION OTHER THAN THERAPY,MEDICATION OTHER THAN THERAPY
MORPHINE SULFATE,MEDICATION OTHER THAN THERAPY,ANALGESIC
MOVICOL                            /01749801/,MEDICATION OTHER THAN THERAPY,MEDICATION OTHER THAN THERAPY
MOXIFLOXACIN,MEDICATION OTHER THAN THERAPY,MEDICATION OTHER THAN THERAPY
MOXIFLOXACIN HYDROCHLORIDE,MEDICATION OTHER THAN THERAPY,MEDICATION OTHER THAN THERAPY
MOXONIDINE,MEDICATION OTHER THAN THERAPY,MEDICATION OTHER THAN THERAPY
MULTIVITAMINS,MEDICATION OTHER THAN THERAPY,MEDICATION OTHER THAN THERAPY
MULTIVITAMINS WITH MINERALS        /02319901/,MEDICATION OTHER THAN THERAPY,MEDICATION OTHER THAN THERAPY
"MULTIVITAMINS, COMBINATIONS",MEDICATION OTHER THAN THERAPY,MEDICATION OTHER THAN THERAPY
MUPIROCIN CALCIUM,MEDICATION OTHER THAN THERAPY,MEDICATION OTHER THAN THERAPY
MYCOPHENOLATE SODIUM,MEDICATION OTHER THAN THERAPY,MEDICATION OTHER THAN THERAPY
NADOLOL,MEDICATION OTHER THAN THERAPY,MEDICATION OTHER THAN THERAPY
NADROPARIN,MEDICATION OTHER THAN THERAPY,MEDICATION OTHER THAN THERAPY
NADROPARIN CALCIUM,MEDICATION OTHER THAN THERAPY,MEDICATION OTHER THAN THERAPY
NAFTIDROFURYL OXALATE,MEDICATION OTHER THAN THERAPY,MEDICATION OTHER THAN THERAPY
NALOXONE,MEDICATION OTHER THAN THERAPY,MEDICATION OTHER THAN THERAPY
NANDROLONE DECANOATE,MEDICATION OTHER THAN THERAPY,MEDICATION OTHER THAN THERAPY
NAPROXEN,MEDICATION OTHER THAN THERAPY,ANALGESIC
NAPROXEN,MEDICATION OTHER THAN THERAPY,MEDICATION OTHER THAN THERAPY
NAPROXEN SODIUM,MEDICATION OTHER THAN THERAPY,ANALGESIC
NEBIVOLOL HYDROCHLORIDE,MEDICATION OTHER THAN THERAPY,MEDICATION OTHER THAN THERAPY
NEFOPAM HYDROCHLORIDE,MEDICATION OTHER THAN THERAPY,ANALGESIC
NEFOPAM HYDROCHLORIDE,MEDICATION OTHER THAN THERAPY,MEDICATION OTHER THAN THERAPY
NEMBUDEINE,MEDICATION OTHER THAN THERAPY,ANALGESIC
NEOGENYL                           /00570001/,MEDICATION OTHER THAN THERAPY,MEDICATION OTHER THAN THERAPY
NEOGOLASEPTINE,MEDICATION OTHER THAN THERAPY,MEDICATION OTHER THAN THERAPY
NEONUTRIN TS + AG,MEDICATION OTHER THAN THERAPY,MEDICATION OTHER THAN THERAPY
NEOSTIGMINE BROMIDE,MEDICATION OTHER THAN THERAPY,MEDICATION OTHER THAN THERAPY
NEUROBION                          /00176001/,MEDICATION OTHER THAN THERAPY,MEDICATION OTHER THAN THERAPY
NICOFURANOSE,MEDICATION OTHER THAN THERAPY,MEDICATION OTHER THAN THERAPY
NICOTINAM. W/PYRIDOXI. HCL/RIBOFL./THIAM. HCL,MEDICATION OTHER THAN THERAPY,MEDICATION OTHER THAN THERAPY
NICOTINE,MEDICATION OTHER THAN THERAPY,MEDICATION OTHER THAN THERAPY
NIFEDIPINE,MEDICATION OTHER THAN THERAPY,MEDICATION OTHER THAN THERAPY
NIFLUMIC ACID,MEDICATION OTHER THAN THERAPY,ANALGESIC
NIFUROXAZIDE,MEDICATION OTHER THAN THERAPY,MEDICATION OTHER THAN THERAPY
NIMESULIDE,MEDICATION OTHER THAN THERAPY,ANALGESIC
NIMESULIDE,MEDICATION OTHER THAN THERAPY,MEDICATION OTHER THAN THERAPY
NIMODIPINE,MEDICATION OTHER THAN THERAPY,MEDICATION OTHER THAN THERAPY
NISOLDIPINE,MEDICATION OTHER THAN THERAPY,MEDICATION OTHER THAN THERAPY
NITRAZEPAM,MEDICATION OTHER THAN THERAPY,MEDICATION OTHER THAN THERAPY
NITRENDIPINE,MEDICATION OTHER THAN THERAPY,MEDICATION OTHER THAN THERAPY
NIZATIDINE,MEDICATION OTHER THAN THERAPY,MEDICATION OTHER THAN THERAPY
NOREPINEPHRINE BITARTRATE,MEDICATION OTHER THAN THERAPY,MEDICATION OTHER THAN THERAPY
NORFLOXACIN,MEDICATION OTHER THAN THERAPY,MEDICATION OTHER THAN THERAPY
NORTRIPTYLINE,MEDICATION OTHER THAN THERAPY,MEDICATION OTHER THAN THERAPY
NOVOMIX                            /01758401/,MEDICATION OTHER THAN THERAPY,MEDICATION OTHER THAN THERAPY
NULYTELY                           /01053601/,MEDICATION OTHER THAN THERAPY,MEDICATION OTHER THAN THERAPY
NYSTATIN,MEDICATION OTHER THAN THERAPY,MEDICATION OTHER THAN THERAPY
OCTREOTIDE,MEDICATION OTHER THAN THERAPY,MEDICATION OTHER THAN THERAPY
OFLOXACIN,MEDICATION OTHER THAN THERAPY,MEDICATION OTHER THAN THERAPY
OLANZAPINE,MEDICATION OTHER THAN THERAPY,MEDICATION OTHER THAN THERAPY
OLMESARTAN MEDOXOMIL,MEDICATION OTHER THAN THERAPY,MEDICATION OTHER THAN THERAPY
OMEGA-3 MARINE TRIGLYCERIDES,MEDICATION OTHER THAN THERAPY,MEDICATION OTHER THAN THERAPY
OMEPRAZOLE,MEDICATION OTHER THAN THERAPY,MEDICATION OTHER THAN THERAPY
OMEPRAZOLE MAGNESIUM,MEDICATION OTHER THAN THERAPY,MEDICATION OTHER THAN THERAPY
OMEPRAZOLE SODIUM,MEDICATION OTHER THAN THERAPY,MEDICATION OTHER THAN THERAPY
ONDANSETRON,MEDICATION OTHER THAN THERAPY,MEDICATION OTHER THAN THERAPY
ONDANSETRON HYDROCHLORIDE,MEDICATION OTHER THAN THERAPY,MEDICATION OTHER THAN THERAPY
OPIPRAMOL HYDROCHLORIDE,MEDICATION OTHER THAN THERAPY,MEDICATION OTHER THAN THERAPY
OPIUM ALKALOIDS TOTAL,MEDICATION OTHER THAN THERAPY,ANALGESIC
ORGOTEIN,MEDICATION OTHER THAN THERAPY,ANALGESIC
OROFAR                             /01282901/,MEDICATION OTHER THAN THERAPY,MEDICATION OTHER THAN THERAPY
OSYROL-LASIX,MEDICATION OTHER THAN THERAPY,MEDICATION OTHER THAN THERAPY
OTHER COMBINATIONS OF NUTRIENTS,MEDICATION OTHER THAN THERAPY,MEDICATION OTHER THAN THERAPY
OTHER NUTRIENTS,MEDICATION OTHER THAN THERAPY,MEDICATION OTHER THAN THERAPY
OTILONIUM BROMIDE,MEDICATION OTHER THAN THERAPY,MEDICATION OTHER THAN THERAPY
OXALIPLATIN,ANTI-TUMOR THERAPY,CHEMOTHERAPY
OXAZEPAM,MEDICATION OTHER THAN THERAPY,MEDICATION OTHER THAN THERAPY
OXYCOCET,MEDICATION OTHER THAN THERAPY,ANALGESIC
OXYCODONE,MEDICATION OTHER THAN THERAPY,ANALGESIC
OXYCODONE,MEDICATION OTHER THAN THERAPY,MEDICATION OTHER THAN THERAPY
OXYCODONE HYDROCHLORIDE,MEDICATION OTHER THAN THERAPY,ANALGESIC
OXYCODONE HYDROCHLORIDE,MEDICATION OTHER THAN THERAPY,MEDICATION OTHER THAN THERAPY
OXYGEN,MEDICATION OTHER THAN THERAPY,MEDICATION OTHER THAN THERAPY
PALONOSETRON,MEDICATION OTHER THAN THERAPY,MEDICATION OTHER THAN THERAPY
PALONOSETRON HYDROCHLORIDE,MEDICATION OTHER THAN THERAPY,MEDICATION OTHER THAN THERAPY
PAMIDRONATE DISODIUM,MEDICATION OTHER THAN THERAPY,MEDICATION OTHER THAN THERAPY
PANADEINE CO,MEDICATION OTHER THAN THERAPY,ANALGESIC
PANADEINE CO,MEDICATION OTHER THAN THERAPY,MEDICATION OTHER THAN THERAPY
PANCREATIN,MEDICATION OTHER THAN THERAPY,MEDICATION OTHER THAN THERAPY
PANCRELIPASE,MEDICATION OTHER THAN THERAPY,MEDICATION OTHER THAN THERAPY
PANTOPRAZOLE,MEDICATION OTHER THAN THERAPY,MEDICATION OTHER THAN THERAPY
PANTOPRAZOLE SODIUM,MEDICATION OTHER THAN THERAPY,MEDICATION OTHER THAN THERAPY
PARA-SELTZER,MEDICATION OTHER THAN THERAPY,ANALGESIC
PARACETAMOL,MEDICATION OTHER THAN THERAPY,ANALGESIC
PARACETAMOL,MEDICATION OTHER THAN THERAPY,MEDICATION OTHER THAN THERAPY
PARAFFIN,MEDICATION OTHER THAN THERAPY,MEDICATION OTHER THAN THERAPY
PARAFFIN SOFT,MEDICATION OTHER THAN THERAPY,MEDICATION OTHER THAN THERAPY
"PARAFFIN, LIQUID",MEDICATION OTHER THAN THERAPY,MEDICATION OTHER THAN THERAPY
PARGEVERINE HYDROCHLORIDE,MEDICATION OTHER THAN THERAPY,MEDICATION OTHER THAN THERAPY
PAROXETINE,MEDICATION OTHER THAN THERAPY,MEDICATION OTHER THAN THERAPY
PAROXETINE HYDROCHLORIDE,MEDICATION OTHER THAN THERAPY,MEDICATION OTHER THAN THERAPY
PEGFILGRASTIM,MEDICATION OTHER THAN THERAPY,MEDICATION OTHER THAN THERAPY
PERCOCET-5,MEDICATION OTHER THAN THERAPY,ANALGESIC
PERI-COLACE,MEDICATION OTHER THAN THERAPY,MEDICATION OTHER THAN THERAPY
PERINDOPRIL,MEDICATION OTHER THAN THERAPY,MEDICATION OTHER THAN THERAPY
PERINDOPRIL ERBUMINE,MEDICATION OTHER THAN THERAPY,MEDICATION OTHER THAN THERAPY
PETHIDINE HYDROCHLORIDE,MEDICATION OTHER THAN THERAPY,ANALGESIC
PHENAZOPYRIDINE,MEDICATION OTHER THAN THERAPY,MEDICATION OTHER THAN THERAPY
PHENOBARBITAL,MEDICATION OTHER THAN THERAPY,ANALGESIC
PHENOBARBITAL,MEDICATION OTHER THAN THERAPY,MEDICATION OTHER THAN THERAPY
PHENOL,MEDICATION OTHER THAN THERAPY,MEDICATION OTHER THAN THERAPY
PHENOLPHTHALEIN,MEDICATION OTHER THAN THERAPY,MEDICATION OTHER THAN THERAPY
PHENOTHIAZINE,MEDICATION OTHER THAN THERAPY,MEDICATION OTHER THAN THERAPY
PHLOROGLUCINOL,MEDICATION OTHER THAN THERAPY,MEDICATION OTHER THAN THERAPY
PHTHALYLSULFATHIAZOLE,MEDICATION OTHER THAN THERAPY,MEDICATION OTHER THAN THERAPY
PHYTOMENADIONE,MEDICATION OTHER THAN THERAPY,MEDICATION OTHER THAN THERAPY
PIOGLITAZONE HYDROCHLORIDE,MEDICATION OTHER THAN THERAPY,MEDICATION OTHER THAN THERAPY
PIP/TAZO,MEDICATION OTHER THAN THERAPY,MEDICATION OTHER THAN THERAPY
PIPEMIDIC ACID,MEDICATION OTHER THAN THERAPY,MEDICATION OTHER THAN THERAPY
PIPERACILLIN,MEDICATION OTHER THAN THERAPY,MEDICATION OTHER THAN THERAPY
PIPERACILLIN SODIUM,MEDICATION OTHER THAN THERAPY,MEDICATION OTHER THAN THERAPY
PIRACETAM,MEDICATION OTHER THAN THERAPY,MEDICATION OTHER THAN THERAPY
PIRITRAMIDE,MEDICATION OTHER THAN THERAPY,MEDICATION OTHER THAN THERAPY
PIROXICAM BETADEX,MEDICATION OTHER THAN THERAPY,ANALGESIC
PLASMA,MEDICATION OTHER THAN THERAPY,MEDICATION OTHER THAN THERAPY
PLATELETS,MEDICATION OTHER THAN THERAPY,MEDICATION OTHER THAN THERAPY
POLYCARBOPHIL CALCIUM,MEDICATION OTHER THAN THERAPY,MEDICATION OTHER THAN THERAPY
POLYGELINE,MEDICATION OTHER THAN THERAPY,MEDICATION OTHER THAN THERAPY
POLYSPORIN STERILE OPHTHALMIC,MEDICATION OTHER THAN THERAPY,ANALGESIC
POTASSIUM,MEDICATION OTHER THAN THERAPY,MEDICATION OTHER THAN THERAPY
POTASSIUM CANRENOATE,MEDICATION OTHER THAN THERAPY,MEDICATION OTHER THAN THERAPY
POTASSIUM CHLORIDE,MEDICATION OTHER THAN THERAPY,MEDICATION OTHER THAN THERAPY
POTASSIUM CITRATE,MEDICATION OTHER THAN THERAPY,MEDICATION OTHER THAN THERAPY
POTASSIUM GLUCONATE,MEDICATION OTHER THAN THERAPY,MEDICATION OTHER THAN THERAPY
POVIDONE-IODINE,MEDICATION OTHER THAN THERAPY,MEDICATION OTHER THAN THERAPY
PRAMIPEXOLE DIHYDROCHLORIDE,MEDICATION OTHER THAN THERAPY,MEDICATION OTHER THAN THERAPY
PRAVASTATIN,MEDICATION OTHER THAN THERAPY,MEDICATION OTHER THAN THERAPY
PRAVASTATIN SODIUM,MEDICATION OTHER THAN THERAPY,MEDICATION OTHER THAN THERAPY
PRAZEPAM,MEDICATION OTHER THAN THERAPY,MEDICATION OTHER THAN THERAPY
PREDNISOLONE,MEDICATION OTHER THAN THERAPY,MEDICATION OTHER THAN THERAPY
PREDNISOLONE SODIUM SULFOBENZOATE,MEDICATION OTHER THAN THERAPY,ANALGESIC
PREDNISOLONE SODIUM SULFOBENZOATE,MEDICATION OTHER THAN THERAPY,MEDICATION OTHER THAN THERAPY
PREDNISONE,MEDICATION OTHER THAN THERAPY,MEDICATION OTHER THAN THERAPY
PREGABALIN,MEDICATION OTHER THAN THERAPY,ANALGESIC
PREGABALIN,MEDICATION OTHER THAN THERAPY,MEDICATION OTHER THAN THERAPY
PRIMAXIN                           /00820501/,MEDICATION OTHER THAN THERAPY,MEDICATION OTHER THAN THERAPY
PRINZIDE                           /00977901/,MEDICATION OTHER THAN THERAPY,MEDICATION OTHER THAN THERAPY
PRITOR                             /01506701/,MEDICATION OTHER THAN THERAPY,MEDICATION OTHER THAN THERAPY
PROCAINE HYDROCHLORIDE,MEDICATION OTHER THAN THERAPY,MEDICATION OTHER THAN THERAPY
PROCET                             /01554201/,MEDICATION OTHER THAN THERAPY,ANALGESIC
PROCHLORPERAZINE,MEDICATION OTHER THAN THERAPY,MEDICATION OTHER THAN THERAPY
PROCHLORPERAZINE MALEATE,MEDICATION OTHER THAN THERAPY,MEDICATION OTHER THAN THERAPY
PROCTOSEDYL                        /01569101/,MEDICATION OTHER THAN THERAPY,MEDICATION OTHER THAN THERAPY
PROCTOSEDYL                        /01681301/,MEDICATION OTHER THAN THERAPY,MEDICATION OTHER THAN THERAPY
PROGESTERONE,MEDICATION OTHER THAN THERAPY,MEDICATION OTHER THAN THERAPY
PROMETHAZINE,MEDICATION OTHER THAN THERAPY,MEDICATION OTHER THAN THERAPY
PROMETHAZINE HYDROCHLORIDE,MEDICATION OTHER THAN THERAPY,MEDICATION OTHER THAN THERAPY
PROPACET,MEDICATION OTHER THAN THERAPY,ANALGESIC
PROPACET,MEDICATION OTHER THAN THERAPY,MEDICATION OTHER THAN THERAPY
PROPOFOL,MEDICATION OTHER THAN THERAPY,MEDICATION OTHER THAN THERAPY
PROPOLIS,MEDICATION OTHER THAN THERAPY,MEDICATION OTHER THAN THERAPY
PROPRANOLOL,MEDICATION OTHER THAN THERAPY,MEDICATION OTHER THAN THERAPY
PROTHIPENDYL,MEDICATION OTHER THAN THERAPY,MEDICATION OTHER THAN THERAPY
PSYLLIUM HYDROPHILIC MUCILLOID,MEDICATION OTHER THAN THERAPY,MEDICATION OTHER THAN THERAPY
PYRIDOXINE,MEDICATION OTHER THAN THERAPY,MEDICATION OTHER THAN THERAPY
PYRIDOXINE HYDROCHLORIDE,MEDICATION OTHER THAN THERAPY,MEDICATION OTHER THAN THERAPY
QUETIAPINE FUMARATE,MEDICATION OTHER THAN THERAPY,MEDICATION OTHER THAN THERAPY
QUINAPRIL,MEDICATION OTHER THAN THERAPY,MEDICATION OTHER THAN THERAPY
QUININE,MEDICATION OTHER THAN THERAPY,MEDICATION OTHER THAN THERAPY
RABEPRAZOLE SODIUM,MEDICATION OTHER THAN THERAPY,MEDICATION OTHER THAN THERAPY
RAMIPRIL,MEDICATION OTHER THAN THERAPY,MEDICATION OTHER THAN THERAPY
RANITIDINE,MEDICATION OTHER THAN THERAPY,MEDICATION OTHER THAN THERAPY
RANITIDINE HYDROCHLORIDE,MEDICATION OTHER THAN THERAPY,MEDICATION OTHER THAN THERAPY
RED BLOOD CELLS,MEDICATION OTHER THAN THERAPY,MEDICATION OTHER THAN THERAPY
REMIFENTANIL,MEDICATION OTHER THAN THERAPY,MEDICATION OTHER THAN THERAPY
REPAGLINIDE,MEDICATION OTHER THAN THERAPY,MEDICATION OTHER THAN THERAPY
RESPAIRE-SR-120,MEDICATION OTHER THAN THERAPY,MEDICATION OTHER THAN THERAPY
RINGER                             /01179901/,MEDICATION OTHER THAN THERAPY,MEDICATION OTHER THAN THERAPY
RISEDRONATE SODIUM,MEDICATION OTHER THAN THERAPY,MEDICATION OTHER THAN THERAPY
RISPERIDONE,MEDICATION OTHER THAN THERAPY,MEDICATION OTHER THAN THERAPY
ROSIGLITAZONE MALEATE,MEDICATION OTHER THAN THERAPY,MEDICATION OTHER THAN THERAPY
ROSUVASTATIN CALCIUM,MEDICATION OTHER THAN THERAPY,MEDICATION OTHER THAN THERAPY
SACCHAROMYCES BOULARDII,MEDICATION OTHER THAN THERAPY,MEDICATION OTHER THAN THERAPY
SALACTOL,MEDICATION OTHER THAN THERAPY,MEDICATION OTHER THAN THERAPY
SALBUTAMOL,MEDICATION OTHER THAN THERAPY,MEDICATION OTHER THAN THERAPY
SALICYLIC ACID,MEDICATION OTHER THAN THERAPY,MEDICATION OTHER THAN THERAPY
SALMETEROL,MEDICATION OTHER THAN THERAPY,MEDICATION OTHER THAN THERAPY
SALUTEC,MEDICATION OTHER THAN THERAPY,MEDICATION OTHER THAN THERAPY
SENNA ALEXANDRINA LEAF,MEDICATION OTHER THAN THERAPY,MEDICATION OTHER THAN THERAPY
SENNOSIDE A+B,MEDICATION OTHER THAN THERAPY,MEDICATION OTHER THAN THERAPY
SENOKOT-S,MEDICATION OTHER THAN THERAPY,MEDICATION OTHER THAN THERAPY
SERENOA REPENS,MEDICATION OTHER THAN THERAPY,MEDICATION OTHER THAN THERAPY
SERETIDE                           /01420901/,MEDICATION OTHER THAN THERAPY,MEDICATION OTHER THAN THERAPY
SERTRALINE HYDROCHLORIDE,MEDICATION OTHER THAN THERAPY,MEDICATION OTHER THAN THERAPY
SHARK CARTILAGE,MEDICATION OTHER THAN THERAPY,MEDICATION OTHER THAN THERAPY
SILYBUM MARIANUM,MEDICATION OTHER THAN THERAPY,ANALGESIC
SILYBUM MARIANUM,MEDICATION OTHER THAN THERAPY,MEDICATION OTHER THAN THERAPY
SIMETICONE,MEDICATION OTHER THAN THERAPY,MEDICATION OTHER THAN THERAPY
SIMVASTATIN,MEDICATION OTHER THAN THERAPY,MEDICATION OTHER THAN THERAPY
SITAGLIPTIN PHOSPHATE,MEDICATION OTHER THAN THERAPY,MEDICATION OTHER THAN THERAPY
SMECTITE,MEDICATION OTHER THAN THERAPY,MEDICATION OTHER THAN THERAPY
SODIUM BICARBONATE,MEDICATION OTHER THAN THERAPY,MEDICATION OTHER THAN THERAPY
SODIUM CHLORIDE,MEDICATION OTHER THAN THERAPY,MEDICATION OTHER THAN THERAPY
SODIUM CHLORIDE COMPOUND INJECTION,MEDICATION OTHER THAN THERAPY,MEDICATION OTHER THAN THERAPY
SODIUM FOLINATE,ANTI-TUMOR THERAPY,CHEMOTHERAPY
SODIUM PHOSPHATE,MEDICATION OTHER THAN THERAPY,MEDICATION OTHER THAN THERAPY
SODIUM PHOSPHATE MONOBASIC (ANHYDRATE),MEDICATION OTHER THAN THERAPY,MEDICATION OTHER THAN THERAPY
SODIUM PICOSULFATE,MEDICATION OTHER THAN THERAPY,MEDICATION OTHER THAN THERAPY
SOLUTIONS AFFECTING THE ELECTROLYTE BALANCE,MEDICATION OTHER THAN THERAPY,MEDICATION OTHER THAN THERAPY
SOLUTIONS FOR PARENTERAL NUTRITION,MEDICATION OTHER THAN THERAPY,MEDICATION OTHER THAN THERAPY
SOTALOL HYDROCHLORIDE,MEDICATION OTHER THAN THERAPY,MEDICATION OTHER THAN THERAPY
SPASFON                            /00765801/,MEDICATION OTHER THAN THERAPY,ANALGESIC
SPASFON                            /00765801/,MEDICATION OTHER THAN THERAPY,MEDICATION OTHER THAN THERAPY
SPEKTRAMOX                         /02043401/,MEDICATION OTHER THAN THERAPY,MEDICATION OTHER THAN THERAPY
SPIRONOLACTONE,MEDICATION OTHER THAN THERAPY,MEDICATION OTHER THAN THERAPY
STEROFUNDIN                        /00177701/,MEDICATION OTHER THAN THERAPY,MEDICATION OTHER THAN THERAPY
"STOMATOLOGICALS, MOUTH PREPARATIONS",MEDICATION OTHER THAN THERAPY,MEDICATION OTHER THAN THERAPY
STRUCTOKABIVEN                     /05981101/,MEDICATION OTHER THAN THERAPY,MEDICATION OTHER THAN THERAPY
STRUCTOKABIVEN                     /05981201/,MEDICATION OTHER THAN THERAPY,MEDICATION OTHER THAN THERAPY
SUCRALFATE,MEDICATION OTHER THAN THERAPY,MEDICATION OTHER THAN THERAPY
SULFACETAMIDE,MEDICATION OTHER THAN THERAPY,MEDICATION OTHER THAN THERAPY
SULPERAZON                         /00883901/,MEDICATION OTHER THAN THERAPY,MEDICATION OTHER THAN THERAPY
SULPIRIDE,MEDICATION OTHER THAN THERAPY,MEDICATION OTHER THAN THERAPY
SULTAMICILLIN TOSILATE,MEDICATION OTHER THAN THERAPY,MEDICATION OTHER THAN THERAPY
SUXAMETHONIUM CHLORIDE,MEDICATION OTHER THAN THERAPY,MEDICATION OTHER THAN THERAPY
SWISS-KAL EFF,MEDICATION OTHER THAN THERAPY,MEDICATION OTHER THAN THERAPY
SYNGEL,MEDICATION OTHER THAN THERAPY,MEDICATION OTHER THAN THERAPY
TAMSULOSIN,MEDICATION OTHER THAN THERAPY,MEDICATION OTHER THAN THERAPY
TAMSULOSIN HYDROCHLORIDE,MEDICATION OTHER THAN THERAPY,MEDICATION OTHER THAN THERAPY
TAZOBACTAM,MEDICATION OTHER THAN THERAPY,MEDICATION OTHER THAN THERAPY
TEGAFUR,ANTI-TUMOR THERAPY,CHEMOTHERAPY
TELMISARTAN,MEDICATION OTHER THAN THERAPY,MEDICATION OTHER THAN THERAPY
TEMAZEPAM,MEDICATION OTHER THAN THERAPY,MEDICATION OTHER THAN THERAPY
TERAZOSIN,MEDICATION OTHER THAN THERAPY,MEDICATION OTHER THAN THERAPY
TESTOSTERONE,MEDICATION OTHER THAN THERAPY,MEDICATION OTHER THAN THERAPY
TETRACOSACTIDE,MEDICATION OTHER THAN THERAPY,MEDICATION OTHER THAN THERAPY
TETRAZEPAM,MEDICATION OTHER THAN THERAPY,MEDICATION OTHER THAN THERAPY
THIAMINE,MEDICATION OTHER THAN THERAPY,MEDICATION OTHER THAN THERAPY
THIAMINE HYDROCHLORIDE,MEDICATION OTHER THAN THERAPY,MEDICATION OTHER THAN THERAPY
THIETHYLPERAZINE,MEDICATION OTHER THAN THERAPY,MEDICATION OTHER THAN THERAPY
THIETHYLPERAZINE MALEATE,MEDICATION OTHER THAN THERAPY,MEDICATION OTHER THAN THERAPY
TIAPRIDE HYDROCHLORIDE,MEDICATION OTHER THAN THERAPY,MEDICATION OTHER THAN THERAPY
TIAPROFENIC ACID,MEDICATION OTHER THAN THERAPY,MEDICATION OTHER THAN THERAPY
TICLOPIDINE HYDROCHLORIDE,MEDICATION OTHER THAN THERAPY,MEDICATION OTHER THAN THERAPY
TIMENTIN                           /00703201/,MEDICATION OTHER THAN THERAPY,MEDICATION OTHER THAN THERAPY
TIMOLOL,MEDICATION OTHER THAN THERAPY,MEDICATION OTHER THAN THERAPY
TIOTROPIUM,MEDICATION OTHER THAN THERAPY,MEDICATION OTHER THAN THERAPY
TIOTROPIUM BROMIDE,MEDICATION OTHER THAN THERAPY,MEDICATION OTHER THAN THERAPY
TIZANIDINE HYDROCHLORIDE,MEDICATION OTHER THAN THERAPY,MEDICATION OTHER THAN THERAPY
TOBRADEX,MEDICATION OTHER THAN THERAPY,MEDICATION OTHER THAN THERAPY
TOCOPHERYL ACETATE,MEDICATION OTHER THAN THERAPY,MEDICATION OTHER THAN THERAPY
TOLPERISONE HYDROCHLORIDE,MEDICATION OTHER THAN THERAPY,ANALGESIC
TORASEMIDE SODIUM,MEDICATION OTHER THAN THERAPY,MEDICATION OTHER THAN THERAPY
TRAMADOL,MEDICATION OTHER THAN THERAPY,ANALGESIC
TRAMADOL,MEDICATION OTHER THAN THERAPY,MEDICATION OTHER THAN THERAPY
TRAMADOL HYDROCHLORIDE,MEDICATION OTHER THAN THERAPY,ANALGESIC
TRAMADOL HYDROCHLORIDE,MEDICATION OTHER THAN THERAPY,MEDICATION OTHER THAN THERAPY
TRAVOPROST,MEDICATION OTHER THAN THERAPY,MEDICATION OTHER THAN THERAPY
TRAZODONE,MEDICATION OTHER THAN THERAPY,MEDICATION OTHER THAN THERAPY
TRAZODONE HYDROCHLORIDE,MEDICATION OTHER THAN THERAPY,MEDICATION OTHER THAN THERAPY
TRIAMCINOLONE,MEDICATION OTHER THAN THERAPY,MEDICATION OTHER THAN THERAPY
TRIAMCINOLONE ACETONIDE,MEDICATION OTHER THAN THERAPY,MEDICATION OTHER THAN THERAPY
TRILAC,MEDICATION OTHER THAN THERAPY,MEDICATION OTHER THAN THERAPY
TRIMEBUTINE,MEDICATION OTHER THAN THERAPY,MEDICATION OTHER THAN THERAPY
TRIMEBUTINE MALEATE,MEDICATION OTHER THAN THERAPY,MEDICATION OTHER THAN THERAPY
TRIMECAINE HYDROCHLORIDE,MEDICATION OTHER THAN THERAPY,ANALGESIC
TRIMECAINE HYDROCHLORIDE,MEDICATION OTHER THAN THERAPY,MEDICATION OTHER THAN THERAPY
TRIMEPERIDINE,MEDICATION OTHER THAN THERAPY,ANALGESIC
TROPISETRON HYDROCHLORIDE,MEDICATION OTHER THAN THERAPY,MEDICATION OTHER THAN THERAPY
TUSSIN DM,MEDICATION OTHER THAN THERAPY,MEDICATION OTHER THAN THERAPY
TYLOX                              /00446701/,MEDICATION OTHER THAN THERAPY,ANALGESIC
TYLOX                              /00446701/,MEDICATION OTHER THAN THERAPY,MEDICATION OTHER THAN THERAPY
ULTRACET,MEDICATION OTHER THAN THERAPY,ANALGESIC
URACIL,MEDICATION OTHER THAN THERAPY,MEDICATION OTHER THAN THERAPY
UREA,MEDICATION OTHER THAN THERAPY,MEDICATION OTHER THAN THERAPY
URINARY ANTISPASMODICS,MEDICATION OTHER THAN THERAPY,MEDICATION OTHER THAN THERAPY
URSODEOXYCHOLIC ACID,MEDICATION OTHER THAN THERAPY,MEDICATION OTHER THAN THERAPY
VALPIN 50-PB,MEDICATION OTHER THAN THERAPY,ANALGESIC
VALPROATE SEMISODIUM,MEDICATION OTHER THAN THERAPY,MEDICATION OTHER THAN THERAPY
VALSARTAN,MEDICATION OTHER THAN THERAPY,MEDICATION OTHER THAN THERAPY
VANCOMYCIN,MEDICATION OTHER THAN THERAPY,MEDICATION OTHER THAN THERAPY
VANCOMYCIN HYDROCHLORIDE,MEDICATION OTHER THAN THERAPY,MEDICATION OTHER THAN THERAPY
VASERETIC,MEDICATION OTHER THAN THERAPY,MEDICATION OTHER THAN THERAPY
VENLAFAXINE,MEDICATION OTHER THAN THERAPY,MEDICATION OTHER THAN THERAPY
VENLAFAXINE HYDROCHLORIDE,MEDICATION OTHER THAN THERAPY,MEDICATION OTHER THAN THERAPY
VERAPAMIL,MEDICATION OTHER THAN THERAPY,MEDICATION OTHER THAN THERAPY
VICODIN,MEDICATION OTHER THAN THERAPY,ANALGESIC
VICODIN,MEDICATION OTHER THAN THERAPY,MEDICATION OTHER THAN THERAPY
VINPOCETINE,MEDICATION OTHER THAN THERAPY,MEDICATION OTHER THAN THERAPY
VITAMIN B1 AND B6,MEDICATION OTHER THAN THERAPY,MEDICATION OTHER THAN THERAPY
VITAMIN PREPARATION COMPOUND,MEDICATION OTHER THAN THERAPY,MEDICATION OTHER THAN THERAPY
VITAMIN-B-KOMPLEX STANDARD,MEDICATION OTHER THAN THERAPY,MEDICATION OTHER THAN THERAPY
VITAMINS WITH MINERALS,MEDICATION OTHER THAN THERAPY,MEDICATION OTHER THAN THERAPY
VORICONAZOLE,MEDICATION OTHER THAN THERAPY,MEDICATION OTHER THAN THERAPY
WARFARIN,MEDICATION OTHER THAN THERAPY,MEDICATION OTHER THAN THERAPY
WARFARIN SODIUM,MEDICATION OTHER THAN THERAPY,MEDICATION OTHER THAN THERAPY
ZINC SULFATE,MEDICATION OTHER THAN THERAPY,MEDICATION OTHER THAN THERAPY
ZOLEDRONIC ACID,MEDICATION OTHER THAN THERAPY,MEDICATION OTHER THAN THERAPY
ZOLPIDEM,MEDICATION OTHER THAN THERAPY,MEDICATION OTHER THAN THERAPY
ZOLPIDEM TARTRATE,MEDICATION OTHER THAN THERAPY,MEDICATION OTHER THAN THERAPY
ZOPICLONE,MEDICATION OTHER THAN THERAPY,ANALGESIC
ZOPICLONE,MEDICATION OTHER THAN THERAPY,MEDICATION OTHER THAN THERAPY
ZOSEC                              /03494801/,MEDICATION OTHER THAN THERAPY,MEDICATION OTHER THAN THERAPY
